bucket1,bucket2,bucket3,bucket4,bucket5
39.6461034103462252,115.4371764529773847,191.0350885983272160,266.7095877450725612,342.6242013646588328
