avg,avg,avg,sum
32.2717391304347826,2345.1401086956521739,2122.7321739130434783,195291.36
