b1_lp,b1_cnt,b1_cntd,b2_lp,b2_cnt,b2_cntd,b3_lp,b3_cnt,b3_cntd,b4_lp,b4_cnt,b4_cntd,b5_lp,b5_cnt,b5_cntd,b6_lp,b6_cnt,b6_cntd
56.5782570671279296,536498,7758,91.1888500562969725,464501,9428,61.2743312514583319,441429,7298,69.7661167169477138,544274,9457,89.3357187812011549,481753,11598,106.7202486687174149,430412,10652
