w_warehouse_sk,i_item_sk,d_moy,mean,cov,w_warehouse_sk,i_item_sk,d_moy,mean,cov
2,7537,1,297.2500000000000000,1.5142992278482321,2,7537,2,170.0000000000000000,1.3862523225337118
3,12787,1,333.6666666666666667,1.5945079323890320,3,12787,2,293.7500000000000000,1.1280895206058247
3,13965,1,116.3333333333333333,1.5179243668449198,3,13965,2,269.0000000000000000,1.3461766786712342
3,16575,1,347.6666666666666667,1.6185938764044708,3,16575,2,375.5000000000000000,1.2503936282230413
4,14787,1,166.2500000000000000,1.5081349874121564,4,14787,2,341.5000000000000000,1.2965856383460322
4,20081,1,333.3333333333333333,1.5419221770245100,4,20081,2,232.0000000000000000,1.4690500016178060
5,3375,1,180.0000000000000000,1.5637153709409111,5,3375,2,328.0000000000000000,1.0613172284333384
5,4809,1,236.2500000000000000,1.8038248904010751,5,4809,2,177.6666666666666667,1.4152374286555947
5,10321,1,358.6666666666666667,1.5088005883227825,5,10321,2,319.0000000000000000,1.1084360531154420
