avg,avg,avg,sum
74.5000000000000000,5993.6200000000000000,5380.1650000000000000,10760.33
