bucket1,bucket2,bucket3,bucket4,bucket5
39.6308879568149671,115.5159053209769858,191.1152320004169177,266.3062779915455815,342.2412394655512666
