avg,avg,avg,sum
37.4117647058823529,2679.7023529411764706,2452.2241176470588235,41687.81
