b1_lp,b1_cnt,b1_cntd,b2_lp,b2_cnt,b2_cntd,b3_lp,b3_cnt,b3_cntd,b4_lp,b4_cnt,b4_cntd,b5_lp,b5_cnt,b5_cntd,b6_lp,b6_cnt,b6_cntd
56.5466155321188878,107429,7537,91.1734369676776550,93341,9083,61.3517414603750071,88265,7132,69.7914013458060607,108931,9161,89.2771117880492783,96513,9266,106.7763297030624593,85944,10299
