item_id,ss_item_rev,ss_dev,cs_item_rev,cs_dev,ws_item_rev,ws_dev,average
AAAAAAAADBCEAAAA,1947.40,102.4977937938499900,1789.26,94.17438765717574033100,1963.17,103.3278185489742700,1899.9433333333333333
AAAAAAAAIHBAAAAA,13610.33,102.88011997602293694800,12537.98,94.77425504429180357900,13539.62,102.34562497968525947300,13229.3100000000000000
AAAAAAAALDKBAAAA,604.65,101.2717944137072400,587.60,98.41611907300814550800,598.92,100.3120865132846100,597.0566666666666667
AAAAAAAALDOGAAAA,3917.33,104.1578073663881600,3629.76,96.51161450942889530700,3735.78,99.33057812418294281400,3760.9566666666666667
