substr,avg,avg,avg
Did not fit,36.0000000000000000,272.7500000000000000,72.3100000000000000
Parts missing,55.0000000000000000,343.8700000000000000,23.2300000000000000
reason 31,19.0000000000000000,55.1700000000000000,62.8500000000000000
reason 34,3.0000000000000000,132.6400000000000000,34.2200000000000000
reason 35,53.0000000000000000,1528.8400000000000000,16.2100000000000000
Stopped working,9.0000000000000000,181.2300000000000000,69.2200000000000000
unauthoized purchase,8.0000000000000000,19.1900000000000000,38.6600000000000000
