avg,avg,avg,sum
30.6438356164383562,2253.3286301369863014,2032.5212328767123288,148374.05
