b1_lp,b1_cnt,b1_cntd,b2_lp,b2_cnt,b2_cntd,b3_lp,b3_cnt,b3_cntd,b4_lp,b4_cnt,b4_cntd,b5_lp,b5_cnt,b5_cntd,b6_lp,b6_cnt,b6_cntd
56.5762067113793624,357542,7725,91.1282487990114630,309953,9388,61.2569461277513704,293899,7288,69.7788502225562171,363279,9433,89.3316233545713707,320965,10876,106.6933744653877767,287124,10620
