bucket1,bucket2,bucket3,bucket4,bucket5
39.5646090821449028,115.5001169818743476,191.1007430770421944,266.1000706782778944,342.1718296085380093
