avg,avg,avg,sum
39.7647058823529412,2822.3332352941176471,2636.1314705882352941,89628.47
