b1_lp,b1_cnt,b1_cntd,b2_lp,b2_cnt,b2_cntd,b3_lp,b3_cnt,b3_cntd,b4_lp,b4_cnt,b4_cntd,b5_lp,b5_cnt,b5_cntd,b6_lp,b6_cnt,b6_cntd
56.5569237865733312,178853,7642,91.2560884668828161,155448,9259,61.2377055428583055,147451,7231,69.7956121887315881,181676,9311,89.3200631048324361,160685,9829,106.7700864290390428,143586,10498
